Employee [id=1, name=dfgdf, mobileNo=656, email=gfdhf, password=$2a$10$EZebcvgpl9z3wre3S69ZxOe3ORwCd/uGU/xQGPvDBVwUzzweKM5BS, role=ROLE_USER, gender=null, city=null]
Employee [id=2, name=hgjg, mobileNo=765757, email=fghjf, password=$2a$10$9etlVWowCy7cRR/3VN8tYuu7AVSHyVWLa5TaNcywpu4fQbUOIFtNO, role=ROLE_USER, gender=null, city=null]
Employee [id=3, name=rg, mobileNo=4564, email=rge, password=$2a$10$W2W0Idqhe3jcYkYNtKgQbu3S4b0rEO2hzF/g6m0YdtWro1jtGhoty, role=ROLE_USER, gender=null, city=null]
Employee [id=52, name=fw, mobileNo=81, email=fwef, password=$2a$10$h2mt3TTZ6V9gkd6pXGpv0O2VKZfxCyUbKu67n2cwvr5BuUQmu.v62, role=ROLE_USER, gender=null, city=null]
Employee [id=102, name=dsd, mobileNo=6669789, email=s, password=$2a$10$b/YG5dr4czM49/0i92Q1NeSdIxCGYm1pFqj1UstLGJzbt8jvfsKmq, role=ROLE_USER, gender=null, city=null]
Employee [id=152, name=efqwef, mobileNo=4543, email=qefqf, password=$2a$10$LxnR/wFwBNO9J8cQzPXjduQJfzyNlN/LBFD0Uo1wY6V4cEiOTf3pa, role=ROLE_USER, gender=Male, city=Pune]
Employee [id=202, name=gwer, mobileNo=234, email=h, password=$2a$10$nTyjU3lmrvl5zy8ede7ncOyBk/RHpUwdFk6416cuK51rODRgj0zjC, role=ROLE_MANAGER, gender=Male, city=Mumbai]
Employee [id=252, name=fgwe, mobileNo=7532, email=wefgwe, password=$2a$10$XD5czFtyNfHPM4NxMaqiVOCgJw404g2JDykx/FZBz1Ke5VT7fvJIy, role=ROLE_USER, gender=Male, city=Mumbai]
Employee [id=302, name=wefwe, mobileNo=878, email=wefwef, password=$2a$10$S6soRxqSeGo6u1ddqd5hTO5cSp7NN4d4uxpgGsSdLAAKlsT1dBIg., role=ROLE_USER, gender=Male, city=Pune]
Employee [id=352, name=asdasd, mobileNo=7856456454, email=aSCQA@GMAIL.COM, password=$2a$10$NuMaEXelyAyef9SdldDat.zluCR/vnj18PKgs7ULmjREcPL50fzja, role=ROLE_USER, gender=Male, city=Nashik]
Employee [id=402, name=, mobileNo=, email=, password=$2a$10$.AvItrL5AKUsHy..zZ2wCOvIl6DLCQJMaM8XXXKd6cv89tyh1vAwu, role=ROLE_USER, gender=null, city=Mumbai]
Employee [id=452, name=shree kailash, mobileNo=8547896587, email=shree@2002, password=$2a$10$dL3y6wFNaz3smmDtXG1ZvuKIwJTsTbDI1Ypv86ya9aU3Crl6i3FeO, role=ROLE_USER, gender=Male, city=Pune]
Employee [id=502, name=swapnil patil, mobileNo=9858478596, email=swapnil@2002, password=$2a$10$g2tZPwqLcohYigVIX2Sb4OwR3TPfLTxoZJUqtF4Uxst.eHcC5nHey, role=ROLE_USER, gender=Male, city=Nashik]
